Model,Precision,Recall,F1-Score,ROC-AUC,Training Time (s)
Isolation Forest,0.14,0.1076923076923077,0.12173913043478263,0.6327253502511234,0.2492530345916748
LOF,0.05970149253731343,0.06153846153846154,0.0606060606060606,0.4856991805445414,0.4139423370361328
LSTM Autoencoder,1.0,0.2739495798319328,0.4300791556728233,0.49019607843137253,89.13403129577637
