Model,Dataset,F1-Score,Precision,Recall,ROC-AUC
Isolation Forest,Synthetic,0.19,0.15,0.25,0.62
LOF,Synthetic,0.22,0.18,0.3,0.65
LSTM Autoencoder,Synthetic,0.64,0.58,0.72,0.88
Isolation Forest,NASA Bearing,0.12173913043478263,0.14,0.1076923076923077,0.6327253502511234
LOF,NASA Bearing,0.0606060606060606,0.05970149253731343,0.06153846153846154,0.4856991805445414
LSTM Autoencoder,NASA Bearing,0.42592592592592593,1.0,0.27058823529411763,0.4879551820728291
